n,time_seconds,mem_delta_MB,fadd_count,fmult_count
100,0.00893890,4.5586,1000000,1000000
200,0.04904720,5.4180,8000000,8000000
300,0.15798130,6.8242,27000000,27000000
400,0.36774830,8.5039,64000000,64000000
500,0.85013710,11.0781,125000000,125000000
600,1.26394960,13.6367,216000000,216000000
700,2.04204460,16.9414,343000000,343000000
800,3.47512520,20.7461,512000000,512000000
900,4.62940870,25.3789,729000000,729000000
1000,8.21084440,30.2188,1000000000,1000000000
