k,N,Time_Compression,Time_MVM,MVM_FLOPs,MMM_FLOPs,SSE_Error,Matrix_Diff_Norm
2,64,0.00433155,1.4949e-05,7122,196670,3.70907e-28,2.75655e-14
3,512,0.0940848,0.000116581,115164,6413844,1.5881e-27,6.66987e-14
4,4096,9.80321,0.00166399,1056102,67423954,1.23176e-26,1.93929e-13
